,Accuracy,Precision,Recall,F1-Score,Kappa,G-Mean,ROC-AUC
CV (Train),0.888283378746594,0.8767441860465116,0.9285714285714286,0.9019138755980861,0.772415149131829,0.882342266110187,0.9615748528174937
Test (Blind),0.8532608695652174,0.8571428571428571,0.8823529411764706,0.8695652173913043,0.7019438444924406,0.849085929309576,0.9207317073170732
