,accuracy,precision,recall,f1,roc_auc
Logistic Regression,0.872093023255814,0.8947368421052632,0.9107142857142857,0.9026548672566371,0.9273809523809524
KNN,0.813953488372093,0.8448275862068966,0.875,0.8596491228070176,0.8660714285714286
Decision Tree,0.7790697674418605,0.8245614035087719,0.8392857142857143,0.831858407079646,0.7529761904761907
