,Accuracy,Precision,Recall,F1-Score,Kappa,G-Mean,ROC-AUC
CV (Train),0.8841961852861036,0.8706697459584296,0.9285714285714286,0.8986889153754469,0.763879953071188,0.8775162922735822,0.9675973206776401
Test (Blind),0.8641304347826086,0.8598130841121495,0.9019607843137255,0.8803827751196173,0.7233581910031273,0.85846837910017,0.9220468675274989
