,Accuracy,Precision,Recall,F1-Score,Kappa,G-Mean,ROC-AUC
CV (Train),0.8937329700272479,0.883177570093458,0.9310344827586207,0.9064748201438849,0.7836444713173607,0.8883177891572481,0.9664033401417758
Test (Blind),0.8478260869565217,0.8557692307692307,0.8725490196078431,0.8640776699029126,0.6912751677852349,0.8443556087750131,0.9216881874701099
